timestamp,episode,step,reward,td_mean,td_var,loss,noise_std,latent_gap,alpha_t,gamma_t,c_t,model,seed
2026-06-27T09:20:23.331093+00:00,1,1,8.0,0.0,0.0,0.0,0.01,0.0,0.0,1.0,1.0,V2,42
2026-06-27T09:20:23.339934+00:00,2,2,34.0,0.0,0.0,0.0,0.01,0.0,0.0,1.0,1.0,V2,42
2026-06-27T09:20:24.867002+00:00,3,3,25.0,-1.4100596904754639,0.041421838104724884,0.44946038722991943,0.01,1.2513853311538696,0.10499996691942215,0.84871506690979,0.44622042775154114,V2,42
2026-06-27T09:20:26.374786+00:00,4,4,40.0,-1.3529330492019653,0.06317830830812454,0.42639726400375366,0.01,1.2503442764282227,0.10499996691942215,0.8514103293418884,0.4466017484664917,V2,42
2026-06-27T09:20:27.892230+00:00,5,5,25.0,-1.263321876525879,0.07528968155384064,0.38780125975608826,0.01,1.24943208694458,0.10499998182058334,0.8561313152313232,0.44693636894226074,V2,42
2026-06-27T09:20:30.510671+00:00,6,6,28.0,-1.2328650951385498,0.08958090841770172,0.3758649528026581,0.01,1.248713493347168,0.10500000417232513,0.8522369265556335,0.44720038771629333,V2,42
2026-06-27T09:20:33.418811+00:00,7,7,31.0,-1.214779257774353,0.10588780045509338,0.37012866139411926,0.01,1.2480731010437012,0.10499999672174454,0.8439129590988159,0.44743600487709045,V2,42
2026-06-27T09:20:36.372788+00:00,8,8,16.0,-1.1902213096618652,0.1119503378868103,0.3606298863887787,0.01,1.2473747730255127,0.10499998927116394,0.845152735710144,0.4476930797100067,V2,42
2026-06-27T09:20:38.559810+00:00,9,9,12.0,-1.1874655485153198,0.12021171301603317,0.3610645532608032,0.01,1.246678113937378,0.10499997437000275,0.8561887741088867,0.44795000553131104,V2,42
2026-06-27T09:20:41.605129+00:00,10,10,15.0,-1.1676729917526245,0.12055560946464539,0.35312649607658386,0.01,1.245947003364563,0.10500003397464752,0.8503299355506897,0.44821980595588684,V2,42
2026-06-27T09:20:44.447066+00:00,11,11,72.0,-1.1520428657531738,0.12860369682312012,0.3481823205947876,0.01,1.2453380823135376,0.10500000417232513,0.8533080220222473,0.44844484329223633,V2,42
2026-06-27T09:20:47.405821+00:00,12,12,57.0,-1.146265983581543,0.1307825744152069,0.34677889943122864,0.010000000000000002,1.2446423768997192,0.10499998182058334,0.8489851951599121,0.4487021565437317,V2,42
2026-06-27T09:20:50.237031+00:00,13,13,30.0,-1.1545038223266602,0.12935234606266022,0.35072076320648193,0.01,1.243902325630188,0.10499998927116394,0.8574599623680115,0.44897639751434326,V2,42
2026-06-27T09:20:53.241619+00:00,14,14,19.0,-1.13820219039917,0.13124604523181915,0.3447555601596832,0.01,1.2432317733764648,0.10500000417232513,0.853013277053833,0.44922497868537903,V2,42
2026-06-27T09:20:55.748290+00:00,15,15,17.0,-1.0786582231521606,0.12502825260162354,0.31883376836776733,0.01,1.2424718141555786,0.10499998927116394,0.8484944105148315,0.4495071768760681,V2,42
2026-06-27T09:20:58.574971+00:00,16,16,28.0,-1.0820506811141968,0.12808842957019806,0.3215351998806,0.01,1.2418075799942017,0.10500000417232513,0.8507556319236755,0.44975408911705017,V2,42
2026-06-27T09:21:01.454276+00:00,17,17,18.0,-1.06318998336792,0.1363634169101715,0.31581559777259827,0.01,1.2411584854125977,0.10500000417232513,0.85169917345047,0.44999557733535767,V2,42
2026-06-27T09:21:04.116032+00:00,18,18,9.0,-1.0484522581100464,0.1307772547006607,0.3092381954193115,0.01,1.2404038906097412,0.10499999672174454,0.8535466194152832,0.45027679204940796,V2,42
2026-06-27T09:21:06.910570+00:00,19,19,15.0,-1.0612281560897827,0.12661385536193848,0.31462815403938293,0.01,1.2396856546401978,0.10500000417232513,0.8544782400131226,0.4505446255207062,V2,42
2026-06-27T09:21:09.820241+00:00,20,20,20.0,-1.0080422163009644,0.1326400637626648,0.2944060266017914,0.01,1.2390183210372925,0.10500001907348633,0.851299524307251,0.45079389214515686,V2,42
2026-06-27T09:21:12.575424+00:00,21,21,11.0,-0.9886830449104309,0.13204872608184814,0.2870157063007355,0.01,1.2383164167404175,0.10500000417232513,0.8585923314094543,0.4510563611984253,V2,42
2026-06-27T09:21:15.029936+00:00,22,22,12.0,-0.9612114429473877,0.12687432765960693,0.2757592499256134,0.01,1.2375826835632324,0.10500000417232513,0.8448891639709473,0.4513309597969055,V2,42
2026-06-27T09:21:17.788249+00:00,23,23,14.0,-0.9857268333435059,0.12937121093273163,0.2869090735912323,0.01,1.2368985414505005,0.10499998927116394,0.8525872826576233,0.45158737897872925,V2,42
2026-06-27T09:21:20.715268+00:00,24,24,17.0,-1.0072356462478638,0.12541083991527557,0.29565754532814026,0.01,1.2361714839935303,0.10499998927116394,0.8474050760269165,0.4518601894378662,V2,42
2026-06-27T09:21:23.532738+00:00,25,25,17.0,-0.9056893587112427,0.1285894811153412,0.2564566135406494,0.01,1.2354865074157715,0.10499998927116394,0.8468387126922607,0.4521175026893616,V2,42
2026-06-27T09:21:26.290325+00:00,26,26,33.0,-0.8870536684989929,0.12923581898212433,0.2501232922077179,0.01,1.234791874885559,0.10499998927116394,0.8529179096221924,0.4523787796497345,V2,42
2026-06-27T09:21:29.198139+00:00,27,27,20.0,-0.8925774097442627,0.120913565158844,0.25095367431640625,0.01,1.2340202331542969,0.10499998927116394,0.8485679030418396,0.4526693522930145,V2,42
2026-06-27T09:21:32.087177+00:00,28,28,17.0,-0.9176415205001831,0.12610962986946106,0.26250991225242615,0.01,1.2333499193191528,0.10499999672174454,0.8563881516456604,0.45292210578918457,V2,42
2026-06-27T09:21:34.879297+00:00,29,29,40.0,-0.9186206459999084,0.12479556351900101,0.26342159509658813,0.01,1.232678771018982,0.10499999672174454,0.8464900255203247,0.4531753659248352,V2,42
2026-06-27T09:21:37.803809+00:00,30,30,25.0,-0.8781962394714355,0.11900484561920166,0.2467852681875229,0.01,1.2318917512893677,0.10499998927116394,0.8536809086799622,0.45347273349761963,V2,42
2026-06-27T09:21:40.143055+00:00,31,31,23.0,-0.8221526145935059,0.1189434751868248,0.22650018334388733,0.01,1.2311753034591675,0.10500001162290573,0.8484619855880737,0.4537438452243805,V2,42
2026-06-27T09:21:42.983392+00:00,32,32,16.0,-0.8285378813743591,0.12359599769115448,0.23077616095542908,0.01,1.2305148839950562,0.10499997437000275,0.8459598422050476,0.45399391651153564,V2,42
2026-06-27T09:21:45.872584+00:00,33,33,10.0,-0.8430324196815491,0.12221157550811768,0.23614268004894257,0.01,1.2298047542572021,0.10499997437000275,0.8542478084564209,0.45426326990127563,V2,42
2026-06-27T09:21:48.690281+00:00,34,34,13.0,-0.8116260766983032,0.12038607150316238,0.22453846037387848,0.01,1.2290722131729126,0.10499999672174454,0.8641770482063293,0.45454132556915283,V2,42
2026-06-27T09:21:51.431438+00:00,35,35,13.0,-0.8584384918212891,0.11194819211959839,0.24004901945590973,0.01,1.228377342224121,0.10499997437000275,0.8487794995307922,0.4548054337501526,V2,42
2026-06-27T09:21:54.070586+00:00,36,36,14.0,-0.7840909957885742,0.11613424122333527,0.21447721123695374,0.01,1.227647066116333,0.10500001907348633,0.8508734107017517,0.45508334040641785,V2,42
2026-06-27T09:21:56.908900+00:00,37,37,19.0,-0.7203661799430847,0.11378282308578491,0.1924608200788498,0.01,1.2269423007965088,0.10499999672174454,0.8496009707450867,0.45535194873809814,V2,42
2026-06-27T09:21:59.678073+00:00,38,38,13.0,-0.7180089950561523,0.11254148185253143,0.19156751036643982,0.01,1.2262063026428223,0.10500000417232513,0.8482982516288757,0.45563265681266785,V2,42
2026-06-27T09:22:02.620972+00:00,39,39,15.0,-0.6932775974273682,0.1123674064874649,0.18379376828670502,0.01,1.2254852056503296,0.10500000417232513,0.8472113013267517,0.45590803027153015,V2,42
2026-06-27T09:22:05.573814+00:00,40,40,12.0,-0.7252852916717529,0.11075301468372345,0.19375832378864288,0.01,1.2247720956802368,0.10500000417232513,0.8569530248641968,0.4561806917190552,V2,42
2026-06-27T09:22:08.426921+00:00,41,41,20.0,-0.6876897811889648,0.10651393979787827,0.1804003119468689,0.01,1.22402822971344,0.10499999672174454,0.8535939455032349,0.4564655125141144,V2,42
2026-06-27T09:22:11.155459+00:00,42,42,30.0,-0.6544860005378723,0.1124860942363739,0.17222939431667328,0.01,1.2233508825302124,0.10499998182058334,0.8539351224899292,0.45672503113746643,V2,42
2026-06-27T09:22:14.065605+00:00,43,43,27.0,-0.6788827180862427,0.1047937199473381,0.1771821528673172,0.01,1.222591519355774,0.10500000417232513,0.8533129096031189,0.4570164084434509,V2,42
2026-06-27T09:22:16.946353+00:00,44,44,12.0,-0.6587067246437073,0.10378889739513397,0.1707155555486679,0.01,1.2218718528747559,0.10500000417232513,0.8521333932876587,0.4572928845882416,V2,42
2026-06-27T09:22:19.910336+00:00,45,45,23.0,-0.616828978061676,0.10437573492527008,0.15872935950756073,0.01,1.2211520671844482,0.10499999672174454,0.8545032739639282,0.4575697183609009,V2,42
2026-06-27T09:22:22.820663+00:00,46,46,43.0,-0.6185562610626221,0.10189475864171982,0.1584169864654541,0.01,1.2204138040542603,0.10499999672174454,0.8449987173080444,0.45785394310951233,V2,42
2026-06-27T09:22:25.389497+00:00,47,47,25.0,-0.5831029415130615,0.1006726548075676,0.14828771352767944,0.01,1.2196704149246216,0.10499998182058334,0.8531624674797058,0.45814061164855957,V2,42
2026-06-27T09:22:27.940282+00:00,48,48,20.0,-0.535407304763794,0.09683358669281006,0.13479603826999664,0.01,1.2188897132873535,0.10500001162290573,0.8510265946388245,0.45844197273254395,V2,42
2026-06-27T09:22:30.696059+00:00,49,49,12.0,-0.5669018030166626,0.09654338657855988,0.14269044995307922,0.01,1.2181180715560913,0.10500001907348633,0.8536031246185303,0.45874014496803284,V2,42
2026-06-27T09:22:33.543076+00:00,50,50,17.0,-0.5558330416679382,0.09490171074867249,0.1393050104379654,0.01,1.2173447608947754,0.10499998182058334,0.8519812226295471,0.4590394198894501,V2,42
2026-06-27T09:22:36.189412+00:00,51,51,11.0,-0.5544567704200745,0.09031545370817184,0.13745076954364777,0.01,1.2165305614471436,0.10499998927116394,0.8499900698661804,0.45935484766960144,V2,42
2026-06-27T09:22:39.153055+00:00,52,52,32.0,-0.49850016832351685,0.08728035539388657,0.12289764732122421,0.01,1.2157257795333862,0.10499995201826096,0.8231477737426758,0.4596670866012573,V2,42
2026-06-27T09:22:42.252260+00:00,53,53,17.0,-0.5191496014595032,0.07892143726348877,0.12493094056844711,0.01,1.2148350477218628,0.10499998927116394,0.8234492540359497,0.460013210773468,V2,42
2026-06-27T09:22:45.125920+00:00,54,54,24.0,-0.481106162071228,0.07573014497756958,0.11512450873851776,0.01,1.2140110731124878,0.10499999672174454,0.8231035470962524,0.4603337049484253,V2,42
2026-06-27T09:22:47.923930+00:00,55,55,9.0,-0.48437005281448364,0.0736946389079094,0.11517733335494995,0.01,1.2132844924926758,0.10499998182058334,0.823238730430603,0.4606167674064636,V2,42
2026-06-27T09:22:50.832442+00:00,56,56,42.0,-0.43326815962791443,0.07320398837327957,0.10420787334442139,0.01,1.2125166654586792,0.10500000417232513,0.8227501511573792,0.4609162509441376,V2,42
2026-06-27T09:22:53.868862+00:00,57,57,30.0,-0.4520125389099121,0.06905180960893631,0.10665431618690491,0.01,1.2117278575897217,0.10499999672174454,0.8231095671653748,0.46122416853904724,V2,42
2026-06-27T09:22:56.868343+00:00,58,58,15.0,-0.41030997037887573,0.06858032196760178,0.09819494932889938,0.01,1.2110010385513306,0.10499999672174454,0.8227388858795166,0.4615083932876587,V2,42
2026-06-27T09:22:58.711431+00:00,59,59,23.0,-0.402195006608963,0.06503038853406906,0.0954868420958519,0.01,1.2102253437042236,0.10499998182058334,0.8227893710136414,0.46181192994117737,V2,42
2026-06-27T09:23:00.176691+00:00,60,60,14.0,-0.400535523891449,0.06284663826227188,0.09444453567266464,0.01,1.2095043659210205,0.10499999672174454,0.82290118932724,0.4620945453643799,V2,42
2026-06-27T09:23:01.670209+00:00,61,61,11.0,-0.41380375623703003,0.06113436445593834,0.09636418521404266,0.01,1.208829402923584,0.10499998927116394,0.8231682181358337,0.46235930919647217,V2,42
2026-06-27T09:23:03.167941+00:00,62,62,13.0,-0.35157281160354614,0.06050685793161392,0.08512648940086365,0.01,1.208060622215271,0.10499995946884155,0.8225618600845337,0.4626612067222595,V2,42
2026-06-27T09:23:04.646815+00:00,63,63,45.0,-0.3708799481391907,0.05692361295223236,0.08715000003576279,0.01,1.2073404788970947,0.10500000417232513,0.8229273557662964,0.4629444479942322,V2,42
2026-06-27T09:23:06.107901+00:00,64,64,14.0,-0.33038589358329773,0.05478331074118614,0.07984684407711029,0.01,1.2066088914871216,0.10500000417232513,0.8225775361061096,0.46323245763778687,V2,42
2026-06-27T09:23:07.595741+00:00,65,65,33.0,-0.3210206925868988,0.05520182475447655,0.07855303585529327,0.01,1.205936312675476,0.10499999672174454,0.8225669860839844,0.463497519493103,V2,42
2026-06-27T09:23:09.117229+00:00,66,66,32.0,-0.3426414132118225,0.052722495049238205,0.08103753626346588,0.01,1.205250859260559,0.10499998182058334,0.8229387998580933,0.46376797556877136,V2,42
2026-06-27T09:23:10.619727+00:00,67,67,57.0,-0.3130553066730499,0.05081132799386978,0.07588253915309906,0.010000000000000002,1.2045294046401978,0.10499997437000275,0.8227103352546692,0.4640529751777649,V2,42
2026-06-27T09:23:12.097072+00:00,68,68,13.0,-0.3142291009426117,0.04914258420467377,0.07547808438539505,0.01,1.2038418054580688,0.10499998182058334,0.8228344917297363,0.46432483196258545,V2,42
2026-06-27T09:23:13.531442+00:00,69,69,19.0,-0.2913196086883545,0.04799569025635719,0.07185325771570206,0.01,1.2031606435775757,0.10499998182058334,0.8226690292358398,0.4645945727825165,V2,42
2026-06-27T09:23:15.025133+00:00,70,70,32.0,-0.265007346868515,0.046207819133996964,0.067832812666893,0.01,1.2024612426757812,0.10500001162290573,0.8224684000015259,0.4648716449737549,V2,42
2026-06-27T09:23:16.515383+00:00,71,71,17.0,-0.26870763301849365,0.04526093974709511,0.06795267760753632,0.01,1.2017987966537476,0.10500000417232513,0.822608470916748,0.46513447165489197,V2,42
2026-06-27T09:23:18.028668+00:00,72,72,29.0,-0.26926493644714355,0.043469835072755814,0.06740151345729828,0.009999999999999998,1.2011182308197021,0.10499998182058334,0.8227180242538452,0.46540480852127075,V2,42
2026-06-27T09:23:19.522874+00:00,73,73,15.0,-0.26676738262176514,0.04013795405626297,0.0659557580947876,0.01,1.2004401683807373,0.10499997437000275,0.8228096961975098,0.4656743109226227,V2,42
2026-06-27T09:23:20.968597+00:00,74,74,20.0,-0.21149155497550964,0.042107198387384415,0.06042788550257683,0.01,1.1997848749160767,0.10499998927116394,0.8221917152404785,0.4659351110458374,V2,42
2026-06-27T09:23:22.429050+00:00,75,75,17.0,-0.23515641689300537,0.038681771606206894,0.06172141432762146,0.01,1.1990982294082642,0.10499997437000275,0.8226163387298584,0.4662086069583893,V2,42
2026-06-27T09:23:23.912331+00:00,76,76,9.0,-0.21105685830116272,0.03818262740969658,0.059019945561885834,0.01,1.1984412670135498,0.10499998927116394,0.8224086165428162,0.4664705693721771,V2,42
2026-06-27T09:23:25.415995+00:00,77,77,16.0,-0.19565655291080475,0.03751722723245621,0.05730787292122841,0.01,1.1977837085723877,0.10499998182058334,0.8222993612289429,0.4667331874370575,V2,42
2026-06-27T09:23:26.922500+00:00,78,78,13.0,-0.205934077501297,0.03613872081041336,0.05778270959854126,0.01,1.197131872177124,0.10500000417232513,0.8225141167640686,0.4669935703277588,V2,42
2026-06-27T09:23:28.397422+00:00,79,79,26.0,-0.21421337127685547,0.03464077413082123,0.05806698277592659,0.01,1.1964824199676514,0.10499999672174454,0.8226953744888306,0.4672534465789795,V2,42
2026-06-27T09:23:29.907020+00:00,80,80,14.0,-0.1840434968471527,0.03328131511807442,0.05477549880743027,0.01,1.1958180665969849,0.10499999672174454,0.8224246501922607,0.4675194323062897,V2,42
2026-06-27T09:23:31.409073+00:00,81,81,12.0,-0.2044154703617096,0.03057798370718956,0.05569376423954964,0.01,1.1951687335968018,0.10500002652406693,0.8227713704109192,0.4677796959877014,V2,42
2026-06-27T09:23:32.910644+00:00,82,82,31.0,-0.19572575390338898,0.030625171959400177,0.05486679449677467,0.01,1.194527506828308,0.10500000417232513,0.8227205872535706,0.46803706884384155,V2,42
2026-06-27T09:23:34.400302+00:00,83,83,33.0,-0.16377240419387817,0.030850758776068687,0.05222265049815178,0.01,1.1938775777816772,0.10499999672174454,0.8223881125450134,0.4682981073856354,V2,42
2026-06-27T09:23:35.918965+00:00,84,84,15.0,-0.17454873025417328,0.029438680037856102,0.05257367342710495,0.01,1.1932308673858643,0.10500000417232513,0.822597086429596,0.46855810284614563,V2,42
2026-06-27T09:23:37.388392+00:00,85,85,18.0,-0.1680215448141098,0.02852250263094902,0.05171263590455055,0.01,1.1925902366638184,0.10500000417232513,0.8225858211517334,0.4688158929347992,V2,42
2026-06-27T09:23:38.845987+00:00,86,86,9.0,-0.14024338126182556,0.028092755004763603,0.04952939227223396,0.01,1.191943645477295,0.10500000417232513,0.8223052024841309,0.46907639503479004,V2,42
2026-06-27T09:23:40.341763+00:00,87,87,29.0,-0.15501417219638824,0.027253873646259308,0.05023987218737602,0.009999999999999998,1.1912992000579834,0.10500000417232513,0.8225457072257996,0.4693363308906555,V2,42
2026-06-27T09:23:41.810925+00:00,88,88,12.0,-0.14784787595272064,0.02537102997303009,0.04906861484050751,0.01,1.1906635761260986,0.10500000417232513,0.8225573897361755,0.4695928692817688,V2,42
2026-06-27T09:23:43.319926+00:00,89,89,10.0,-0.13175761699676514,0.02522319182753563,0.04793046414852142,0.01,1.1900283098220825,0.10500001907348633,0.8224064707756042,0.469849556684494,V2,42
2026-06-27T09:23:44.825225+00:00,90,90,13.0,-0.12461410462856293,0.02426261641085148,0.0471457913517952,0.01,1.1893924474716187,0.10499998927116394,0.8223870992660522,0.47010672092437744,V2,42
2026-06-27T09:23:46.371392+00:00,91,91,14.0,-0.11925821751356125,0.02332794852554798,0.04649263992905617,0.01,1.1887567043304443,0.10499997437000275,0.8223893046379089,0.4703640937805176,V2,42
2026-06-27T09:23:47.892670+00:00,92,92,14.0,-0.11003027856349945,0.022920621559023857,0.045825328677892685,0.01,1.1881227493286133,0.10499999672174454,0.8223188519477844,0.4706210196018219,V2,42
2026-06-27T09:23:49.409850+00:00,93,93,15.0,-0.10208601504564285,0.022505829110741615,0.045256104320287704,0.01,1.1874849796295166,0.10500000417232513,0.822258472442627,0.4708797335624695,V2,42
2026-06-27T09:23:50.867916+00:00,94,94,11.0,-0.10453959554433823,0.021260768175125122,0.044924717396497726,0.01,1.1868582963943481,0.10500002652406693,0.8223719596862793,0.47113412618637085,V2,42
2026-06-27T09:23:52.350564+00:00,95,95,13.0,-0.10381888598203659,0.020463284105062485,0.04458843171596527,0.01,1.1862295866012573,0.10500000417232513,0.8224193453788757,0.47138965129852295,V2,42
2026-06-27T09:23:53.810301+00:00,96,96,10.0,-0.09546955674886703,0.02001596987247467,0.044012412428855896,0.01,1.185598611831665,0.10499999672174454,0.8223567008972168,0.47164639830589294,V2,42
2026-06-27T09:23:55.325960+00:00,97,97,13.0,-0.09926340728998184,0.01907818205654621,0.04383815824985504,0.01,1.1849702596664429,0.10500000417232513,0.8224653005599976,0.4719022512435913,V2,42
2026-06-27T09:23:56.882667+00:00,98,98,16.0,-0.1022799089550972,0.018405722454190254,0.043721869587898254,0.01,1.1843364238739014,0.10499997437000275,0.8225476741790771,0.47216057777404785,V2,42
2026-06-27T09:23:58.330333+00:00,99,99,33.0,-0.09031354635953903,0.018338458612561226,0.04312136769294739,0.01,1.1837078332901,0.10500000417232513,0.8224186897277832,0.4724169969558716,V2,42
2026-06-27T09:23:59.880284+00:00,100,100,17.0,-0.09645578265190125,0.017020270228385925,0.04291561618447304,0.01,1.1830846071243286,0.10499998927116394,0.8225756883621216,0.4726715683937073,V2,42
2026-06-27T09:24:01.360217+00:00,101,101,13.0,-0.07705729454755783,0.01698237843811512,0.04207350313663483,0.01,1.1824620962142944,0.10499998927116394,0.8223577737808228,0.4729260206222534,V2,42
2026-06-27T09:24:02.847598+00:00,102,102,12.0,-0.07928741723299026,0.016368836164474487,0.04191543161869049,0.01,1.1818363666534424,0.10499998927116394,0.822430431842804,0.47318199276924133,V2,42
2026-06-27T09:24:04.353141+00:00,103,103,14.0,-0.07602910697460175,0.01585245132446289,0.04158776253461838,0.01,1.1812117099761963,0.10500000417232513,0.8224304914474487,0.4734378457069397,V2,42
2026-06-27T09:24:05.829248+00:00,104,104,11.0,-0.0665220096707344,0.015454231761395931,0.04109871760010719,0.01,1.1805905103683472,0.10499998927116394,0.8223446011543274,0.47369247674942017,V2,42
2026-06-27T09:24:07.304036+00:00,105,105,32.0,-0.07922520488500595,0.01463754940778017,0.04122751206159592,0.01,1.1799582242965698,0.10500000417232513,0.822555422782898,0.47395196557044983,V2,42
2026-06-27T09:24:08.810859+00:00,106,106,11.0,-0.06227719783782959,0.014667493291199207,0.04063502326607704,0.01,1.1793370246887207,0.10499999672174454,0.8223467469215393,0.4742070436477661,V2,42
2026-06-27T09:24:10.282098+00:00,107,107,12.0,-0.05953439325094223,0.014145851135253906,0.04034566879272461,0.01,1.1787172555923462,0.10500001162290573,0.8223538994789124,0.4744618237018585,V2,42
2026-06-27T09:24:11.874711+00:00,108,108,15.0,-0.05017317831516266,0.013674972578883171,0.03990912064909935,0.01,1.1781033277511597,0.10499998927116394,0.8222732543945312,0.474714457988739,V2,42
2026-06-27T09:24:13.443917+00:00,109,109,11.0,-0.05243371054530144,0.013081825338304043,0.03972966596484184,0.01,1.1774847507476807,0.10499999672174454,0.8223545551300049,0.47496914863586426,V2,42
2026-06-27T09:24:14.960705+00:00,110,110,12.0,-0.060932666063308716,0.0123901953920722,0.039690326899290085,0.01,1.1768594980239868,0.10500001162290573,0.8225140571594238,0.4752269685268402,V2,42
2026-06-27T09:24:16.423084+00:00,111,111,10.0,-0.05138605833053589,0.012346001341938972,0.039385877549648285,0.01,1.1762362718582153,0.10500001907348633,0.822391152381897,0.47548413276672363,V2,42
2026-06-27T09:24:17.922711+00:00,112,112,17.0,-0.05252828076481819,0.01179980207234621,0.03919525444507599,0.01,1.1756200790405273,0.10499995946884155,0.8224538564682007,0.47573864459991455,V2,42
2026-06-27T09:24:19.448736+00:00,113,113,12.0,-0.05629975348711014,0.011063038371503353,0.039009690284729004,0.01,1.1750061511993408,0.10499998927116394,0.8225635290145874,0.4759923815727234,V2,42
2026-06-27T09:24:20.930782+00:00,114,114,12.0,-0.0493149533867836,0.010991205461323261,0.03877512365579605,0.01,1.1743860244750977,0.10500000417232513,0.8224790692329407,0.47624900937080383,V2,42
2026-06-27T09:24:22.464073+00:00,115,115,16.0,-0.0567668080329895,0.010279113426804543,0.03868787735700607,0.01,1.1737650632858276,0.10500001907348633,0.8226256370544434,0.47650617361068726,V2,42
2026-06-27T09:24:23.980851+00:00,116,116,13.0,-0.0419643260538578,0.010456172749400139,0.03836508467793465,0.01,1.173150897026062,0.10500001907348633,0.8224214911460876,0.47676077485084534,V2,42
2026-06-27T09:24:25.479241+00:00,117,117,13.0,-0.04431433603167534,0.009850673377513885,0.03817418962717056,0.01,1.1725398302078247,0.10499996691942215,0.8225117921829224,0.47701433300971985,V2,42
2026-06-27T09:24:26.952056+00:00,118,118,14.0,-0.05001829192042351,0.009370450861752033,0.03810492530465126,0.01,1.1719157695770264,0.10500001162290573,0.8226167559623718,0.47727352380752563,V2,42
2026-06-27T09:24:28.462043+00:00,119,119,14.0,-0.0368427075445652,0.009467699564993382,0.037830229848623276,0.01,1.1713027954101562,0.10499999672174454,0.8224320411682129,0.47752827405929565,V2,42
2026-06-27T09:24:29.948792+00:00,120,120,13.0,-0.044500868767499924,0.008809592574834824,0.03772146254777908,0.01,1.1706892251968384,0.10500001162290573,0.822597324848175,0.4777836203575134,V2,42
2026-06-27T09:24:31.455990+00:00,121,121,11.0,-0.03798056021332741,0.00870053842663765,0.03752143681049347,0.01,1.17007577419281,0.10500003397464752,0.8225197792053223,0.47803905606269836,V2,42
2026-06-27T09:24:32.984635+00:00,122,122,19.0,-0.0360269732773304,0.008353044278919697,0.03733468055725098,0.01,1.1694669723510742,0.10499998182058334,0.8225314021110535,0.478292852640152,V2,42
2026-06-27T09:24:34.600668+00:00,123,123,12.0,-0.04152819886803627,0.00787254050374031,0.03723881393671036,0.01,1.1688481569290161,0.10500000417232513,0.8226394653320312,0.4785509407520294,V2,42
2026-06-27T09:24:36.133703+00:00,124,124,18.0,-0.02484319359064102,0.008104310370981693,0.037017934024333954,0.01,1.1682381629943848,0.10500000417232513,0.8223826885223389,0.4788057804107666,V2,42
2026-06-27T09:24:37.726508+00:00,125,125,13.0,-0.02980944700539112,0.007626330479979515,0.03688628971576691,0.01,1.1676305532455444,0.10499998927116394,0.822509765625,0.47905969619750977,V2,42
2026-06-27T09:24:39.302658+00:00,126,126,25.0,-0.024398421868681908,0.007527234498411417,0.03674755617976189,0.01,1.1670159101486206,0.10499998182058334,0.8224330544471741,0.4793168902397156,V2,42
2026-06-27T09:24:40.876421+00:00,127,127,16.0,-0.032097239047288895,0.006994348485022783,0.036636143922805786,0.01,1.166404366493225,0.10499999672174454,0.8225959539413452,0.47957295179367065,V2,42
2026-06-27T09:24:42.435152+00:00,128,128,17.0,-0.028254389762878418,0.006879230961203575,0.03650674223899841,0.01,1.1657928228378296,0.10500000417232513,0.8225502371788025,0.47982922196388245,V2,42
2026-06-27T09:24:43.947344+00:00,129,129,18.0,-0.024618253111839294,0.00674010394141078,0.03637867048382759,0.01,1.1651818752288818,0.10500001162290573,0.8225062489509583,0.48008543252944946,V2,42
2026-06-27T09:24:45.502135+00:00,130,130,14.0,-0.03207016363739967,0.006210211664438248,0.03626522049307823,0.01,1.164570689201355,0.10499998927116394,0.822665810585022,0.4803420603275299,V2,42
2026-06-27T09:24:47.119304+00:00,131,131,12.0,-0.021075228229165077,0.006323798559606075,0.036129094660282135,0.01,1.1639647483825684,0.10499998927116394,0.8224939107894897,0.48059678077697754,V2,42
2026-06-27T09:24:48.636985+00:00,132,132,11.0,-0.011913644149899483,0.0062584951519966125,0.03599996864795685,0.01,1.1633615493774414,0.10499998927116394,0.8223633766174316,0.4808504581451416,V2,42
2026-06-27T09:24:50.186974+00:00,133,133,14.0,-0.014783205464482307,0.006013922858983278,0.03590033948421478,0.01,1.1627495288848877,0.10500000417232513,0.8224260210990906,0.48110806941986084,V2,42
2026-06-27T09:24:51.723096+00:00,134,134,10.0,-0.02163224294781685,0.00562170660123229,0.035792019218206406,0.01,1.1621381044387817,0.10499997437000275,0.822573184967041,0.48136571049690247,V2,42
2026-06-27T09:24:53.219572+00:00,135,135,10.0,-0.02125594951212406,0.0054131560027599335,0.035682640969753265,0.01,1.1615324020385742,0.10500000417232513,0.8225932121276855,0.4816211462020874,V2,42
2026-06-27T09:24:54.713050+00:00,136,136,15.0,-0.018075481057167053,0.0052846381440758705,0.03557438403367996,0.01,1.160928726196289,0.10500000417232513,0.8225630521774292,0.4818759560585022,V2,42
2026-06-27T09:24:56.271559+00:00,137,137,18.0,-0.015869848430156708,0.005171898286789656,0.035483092069625854,0.01,1.160316824913025,0.10499999672174454,0.8225233554840088,0.48213446140289307,V2,42
2026-06-27T09:24:57.823666+00:00,138,138,11.0,-0.01972031593322754,0.004861900117248297,0.035375963896512985,0.01,1.159711480140686,0.10499999672174454,0.8226239681243896,0.482390433549881,V2,42
2026-06-27T09:24:59.327421+00:00,139,139,19.0,-0.02416408434510231,0.004509276710450649,0.035268090665340424,0.01,1.1591033935546875,0.10500000417232513,0.822729229927063,0.48264777660369873,V2,42
2026-06-27T09:25:00.839393+00:00,140,140,17.0,-0.004735257476568222,0.0048371595330536366,0.0352102667093277,0.01,1.1585016250610352,0.10499998182058334,0.8223662376403809,0.4829026758670807,V2,42
2026-06-27T09:25:03.192785+00:00,141,141,10.0,-0.016286082565784454,0.004426931031048298,0.03509432077407837,0.01,1.157895565032959,0.10500001907348633,0.8226163983345032,0.4831596314907074,V2,42
2026-06-27T09:25:06.108656+00:00,142,142,10.0,-0.007307829800993204,0.004486524034291506,0.03502930700778961,0.01,1.1572948694229126,0.10499998182058334,0.8224577903747559,0.48341459035873413,V2,42
2026-06-27T09:25:07.671452+00:00,143,143,19.0,-0.011982562020421028,0.004201666451990604,0.03491940721869469,0.01,1.1566914319992065,0.10499998182058334,0.8225836753845215,0.4836708903312683,V2,42
2026-06-27T09:25:09.169464+00:00,144,144,14.0,-0.014951896853744984,0.003973366227000952,0.0348261222243309,0.01,1.1560837030410767,0.10500000417232513,0.8226504921913147,0.48392921686172485,V2,42
2026-06-27T09:25:10.709136+00:00,145,145,12.0,-0.007505148649215698,0.004024716094136238,0.03476899862289429,0.01,1.155482530593872,0.10499998927116394,0.8225172758102417,0.48418498039245605,V2,42
2026-06-27T09:25:13.156193+00:00,146,146,14.0,-0.00543915294110775,0.00391880189999938,0.03469173610210419,0.01,1.15487539768219,0.10500000417232513,0.8224698305130005,0.48444345593452454,V2,42
2026-06-27T09:25:16.374856+00:00,147,147,11.0,-0.010136383585631847,0.003681813832372427,0.03459407016634941,0.01,1.154273271560669,0.10499998927116394,0.8225891590118408,0.48470020294189453,V2,42
2026-06-27T09:25:19.241592+00:00,148,148,17.0,-0.010058671236038208,0.0035326716024428606,0.034508612006902695,0.01,1.1536755561828613,0.10499998182058334,0.8226275444030762,0.4849551320075989,V2,42
2026-06-27T09:25:21.962451+00:00,149,149,16.0,-0.00446051312610507,0.0035438486374914646,0.03445852920413017,0.01,1.1530745029449463,0.10499999672174454,0.8225222826004028,0.48521167039871216,V2,42
2026-06-27T09:25:23.944576+00:00,150,150,10.0,-0.006914712954312563,0.003362538293004036,0.03436891362071037,0.01,1.1524724960327148,0.10499996691942215,0.8225895166397095,0.4854689836502075,V2,42
2026-06-27T09:25:25.501478+00:00,151,151,11.0,-0.008388934656977654,0.0032298127189278603,0.034294430166482925,0.01,1.1518665552139282,0.10500001162290573,0.8226098418235779,0.48572808504104614,V2,42
2026-06-27T09:25:26.985803+00:00,152,152,10.0,-0.006761397235095501,0.0031385982874780893,0.034223224967718124,0.01,1.1512701511383057,0.10499996691942215,0.8226084113121033,0.48598337173461914,V2,42
2026-06-27T09:25:28.542852+00:00,153,153,11.0,-0.004851050674915314,0.003075764747336507,0.03416195139288902,0.01,1.15066659450531,0.10499998927116394,0.8225667476654053,0.4862419664859772,V2,42
2026-06-27T09:25:31.187768+00:00,154,154,8.0,-0.0008327269461005926,0.003039272502064705,0.03410995379090309,0.01,1.1500699520111084,0.10499999672174454,0.8224996328353882,0.48649778962135315,V2,42
2026-06-27T09:25:33.918466+00:00,155,155,12.0,-0.012467226944863796,0.0026112585328519344,0.033966563642024994,0.01,1.149470329284668,0.10499998927116394,0.8227870464324951,0.4867550730705261,V2,42
2026-06-27T09:25:36.872088+00:00,156,156,11.0,0.0037923434283584356,0.0028880019672214985,0.033993080258369446,0.01,1.1488689184188843,0.10499998927116394,0.8224014639854431,0.48701345920562744,V2,42
2026-06-27T09:25:39.686490+00:00,157,157,9.0,-0.007542755454778671,0.002607382833957672,0.03387291729450226,0.01,1.1482689380645752,0.10500001162290573,0.8226733207702637,0.48727139830589294,V2,42
2026-06-27T09:25:42.543929+00:00,158,158,13.0,-0.0017895025666803122,0.0026305660139769316,0.033833809196949005,0.01,1.1476706266403198,0.10500000417232513,0.8225517272949219,0.48752880096435547,V2,42
2026-06-27T09:25:44.820604+00:00,159,159,14.0,-0.00022227037698030472,0.002566815121099353,0.03377740457653999,0.01,1.147077202796936,0.10499998927116394,0.8225497603416443,0.48778432607650757,V2,42
2026-06-27T09:25:46.360075+00:00,160,160,11.0,0.004614580888301134,0.002539754146710038,0.033739231526851654,0.01,1.1464775800704956,0.10500001162290573,0.8224233388900757,0.48804277181625366,V2,42
2026-06-27T09:25:47.860231+00:00,161,161,12.0,-0.0024731014855206013,0.0023537264205515385,0.03363765776157379,0.01,1.1458812952041626,0.10499998927116394,0.8226189017295837,0.48830002546310425,V2,42
2026-06-27T09:25:49.359629+00:00,162,162,14.0,0.0017772738356143236,0.0023499815724790096,0.033601775765419006,0.01,1.1452845335006714,0.10499998927116394,0.8225225806236267,0.4885576069355011,V2,42
2026-06-27T09:25:50.878976+00:00,163,163,11.0,-0.0005007577128708363,0.002236442407593131,0.03352808207273483,0.01,1.144687533378601,0.10499998927116394,0.822585940361023,0.4888155460357666,V2,42
2026-06-27T09:25:52.399550+00:00,164,164,10.0,-0.0002202596515417099,0.002168003236874938,0.03347066417336464,0.01,1.144092082977295,0.10499997437000275,0.8225817680358887,0.48907309770584106,V2,42
2026-06-27T09:25:53.975052+00:00,165,165,10.0,-0.0011966901365667582,0.0020816833712160587,0.0334073007106781,0.01,1.143493413925171,0.10499999672174454,0.8226078748703003,0.4893321990966797,V2,42
2026-06-27T09:25:56.142893+00:00,166,166,17.0,-0.0016047235112637281,0.002002471825107932,0.03334641084074974,0.01,1.1428965330123901,0.10500001162290573,0.8226224184036255,0.4895907938480377,V2,42
2026-06-27T09:25:58.836540+00:00,167,167,14.0,-0.0015058931894600391,0.0019391091773286462,0.03329062834382057,0.01,1.1422994136810303,0.10500001162290573,0.8226065039634705,0.489849716424942,V2,42
2026-06-27T09:26:01.839860+00:00,168,168,12.0,-0.0016918694600462914,0.0018562779296189547,0.03322891891002655,0.01,1.1417124271392822,0.10499999672174454,0.8226698040962219,0.4901043474674225,V2,42
2026-06-27T09:26:04.680755+00:00,169,169,9.0,-0.005547801032662392,0.001716860570013523,0.03315369039773941,0.01,1.1411131620407104,0.10499997437000275,0.8227535486221313,0.49036455154418945,V2,42
2026-06-27T09:26:07.591049+00:00,170,170,9.0,0.00010059494525194168,0.0017745300428941846,0.03313244506716728,0.01,1.1405199766159058,0.10500000417232513,0.8226048946380615,0.4906224012374878,V2,42
2026-06-27T09:26:10.154849+00:00,171,171,15.0,-0.0030038857366889715,0.0016389488009735942,0.03305447846651077,0.01,1.1399312019348145,0.10499999672174454,0.82273268699646,0.49087852239608765,V2,42
2026-06-27T09:26:11.955628+00:00,172,172,16.0,0.0009727070573717356,0.001670622848905623,0.0330297127366066,0.01,1.1393356323242188,0.10499996691942215,0.8226053714752197,0.49113786220550537,V2,42
2026-06-27T09:26:13.474614+00:00,173,173,8.0,0.0029343394562602043,0.0016408775700256228,0.032987724989652634,0.01,1.1387419700622559,0.10499999672174454,0.8225533366203308,0.49139654636383057,V2,42
2026-06-27T09:26:14.956483+00:00,174,174,11.0,-0.003994795493781567,0.001451485208235681,0.03289066255092621,0.01,1.138152003288269,0.10499998927116394,0.8227794170379639,0.49165380001068115,V2,42
2026-06-27T09:26:16.455989+00:00,175,175,19.0,-0.0005549120251089334,0.0014844040852040052,0.03286444768309593,0.01,1.1375552415847778,0.10500001162290573,0.8226563930511475,0.49191415309906006,V2,42
2026-06-27T09:26:17.938599+00:00,176,176,12.0,0.00332197779789567,0.0014893958577886224,0.03283561021089554,0.01,1.1369680166244507,0.10500000417232513,0.8225740790367126,0.49217069149017334,V2,42
2026-06-27T09:26:19.514094+00:00,177,177,12.0,0.0004078047350049019,0.001395774306729436,0.0327669195830822,0.01,1.136373519897461,0.10499998927116394,0.822636067867279,0.4924306273460388,V2,42
2026-06-27T09:26:21.028341+00:00,178,178,9.0,-0.001762918196618557,0.0013167941942811012,0.03270693123340607,0.01,1.135783076286316,0.10500000417232513,0.8227167725563049,0.49268895387649536,V2,42
2026-06-27T09:26:22.537363+00:00,179,179,12.0,0.004181309137493372,0.0013555021723732352,0.03269065544009209,0.01,1.1351947784423828,0.10499998182058334,0.8225513100624084,0.4929465651512146,V2,42
2026-06-27T09:26:23.990238+00:00,180,180,21.0,-0.00038792495615780354,0.0012539838207885623,0.032617952674627304,0.01,1.1346056461334229,0.10499997437000275,0.8226984739303589,0.4932047128677368,V2,42
2026-06-27T09:26:25.468883+00:00,181,181,12.0,0.0017838133499026299,0.001242661033757031,0.03258143365383148,0.01,1.1340149641036987,0.10499998182058334,0.8226372599601746,0.49346375465393066,V2,42
2026-06-27T09:26:26.979691+00:00,182,182,12.0,-0.0011171582154929638,0.0011600932339206338,0.032518960535526276,0.01,1.1334238052368164,0.10499997437000275,0.8227245211601257,0.4937233030796051,V2,42
2026-06-27T09:26:28.510197+00:00,183,183,10.0,0.0017127187456935644,0.0011629594955593348,0.032487332820892334,0.01,1.1328380107879639,0.10499999672174454,0.8226572275161743,0.4939807057380676,V2,42
2026-06-27T09:26:30.078308+00:00,184,184,11.0,0.00231761927716434,0.0011299647158011794,0.032443251460790634,0.01,1.1322485208511353,0.10499998182058334,0.8226357102394104,0.49423983693122864,V2,42
2026-06-27T09:26:31.591323+00:00,185,185,14.0,0.0017355047166347504,0.0010835949797183275,0.03239336609840393,0.01,1.1316593885421753,0.10499998182058334,0.822644054889679,0.4944991171360016,V2,42
2026-06-27T09:26:33.075953+00:00,186,186,10.0,0.0012623218353837729,0.001045212266035378,0.03234664350748062,0.01,1.1310728788375854,0.10500000417232513,0.8226770162582397,0.49475741386413574,V2,42
2026-06-27T09:26:34.615465+00:00,187,187,32.0,0.001550202490761876,0.0010149665176868439,0.03230320289731026,0.01,1.1304843425750732,0.10499998927116394,0.8226646184921265,0.49501675367355347,V2,42
2026-06-27T09:26:36.148768+00:00,188,188,10.0,-0.0033745216205716133,0.0008956060046330094,0.03223084658384323,0.01,1.129896640777588,0.10499997437000275,0.8228408098220825,0.49527600407600403,V2,42
2026-06-27T09:26:37.657557+00:00,189,189,12.0,0.004102953244000673,0.000979118631221354,0.03222833201289177,0.01,1.1293119192123413,0.10500003397464752,0.822595477104187,0.49553415179252625,V2,42
2026-06-27T09:26:39.207670+00:00,190,190,12.0,0.0025695543736219406,0.00093074917094782,0.03217602148652077,0.01,1.1287257671356201,0.10500000417232513,0.8226637840270996,0.49579304456710815,V2,42
2026-06-27T09:26:40.705416+00:00,191,191,12.0,-0.0013048453256487846,0.0008431782480329275,0.03211132064461708,0.01,1.1281388998031616,0.10500001907348633,0.8227856159210205,0.496052622795105,V2,42
2026-06-27T09:26:42.238196+00:00,192,192,14.0,0.0004988659638911486,0.0008435528725385666,0.03207828849554062,0.01,1.1275551319122314,0.10499999672174454,0.8227462768554688,0.49631091952323914,V2,42
2026-06-27T09:26:43.752372+00:00,193,193,10.0,0.002246254123747349,0.0008384351967833936,0.03204480931162834,0.01,1.126969575881958,0.10499999672174454,0.8226748704910278,0.49657028913497925,V2,42
2026-06-27T09:26:45.287166+00:00,194,194,10.0,0.002017516642808914,0.0008103895233944058,0.03200194984674454,0.01,1.1263847351074219,0.10499998182058334,0.8226861953735352,0.49682945013046265,V2,42
2026-06-27T09:26:46.789614+00:00,195,195,10.0,0.0006093760021030903,0.0007660879637114704,0.03195267543196678,0.01,1.125798225402832,0.10499998927116394,0.8227273225784302,0.4970897138118744,V2,42
2026-06-27T09:26:48.328084+00:00,196,196,10.0,0.0009868093766272068,0.0007422864437103271,0.03191197291016579,0.01,1.1252180337905884,0.10499998182058334,0.8227587938308716,0.49734723567962646,V2,42
2026-06-27T09:26:49.855870+00:00,197,197,11.0,0.0019019022583961487,0.0007284575840458274,0.03187498822808266,0.01,1.1246328353881836,0.10500000417232513,0.8227014541625977,0.4976072311401367,V2,42
2026-06-27T09:26:51.388300+00:00,198,198,10.0,0.0036587854847311974,0.000726922822650522,0.03184422850608826,0.01,1.124050259590149,0.10499998927116394,0.8226491808891296,0.4978662431240082,V2,42
2026-06-27T09:26:52.902397+00:00,199,199,12.0,0.001117737963795662,0.0006748776067979634,0.031790319830179214,0.01,1.1234662532806396,0.10499999672174454,0.8227394819259644,0.4981261193752289,V2,42
2026-06-27T09:26:54.406694+00:00,200,200,8.0,0.004424966871738434,0.0006881573935970664,0.03176699951291084,0.01,1.1228854656219482,0.10500000417232513,0.8226277828216553,0.4983848035335541,V2,42
2026-06-27T09:26:55.918505+00:00,201,201,9.0,0.001988525502383709,0.0006413849769160151,0.03171408548951149,0.01,1.1223018169403076,0.10499999672174454,0.8227106332778931,0.49864497780799866,V2,42
2026-06-27T09:26:57.434912+00:00,202,202,15.0,0.00219518830999732,0.0006230435683391988,0.031675420701503754,0.01,1.1217213869094849,0.10500001162290573,0.8227241039276123,0.4989038407802582,V2,42
2026-06-27T09:26:58.996285+00:00,203,203,10.0,0.0025777083355933428,0.0006053782417438924,0.031637173146009445,0.01,1.1211400032043457,0.10499999672174454,0.82270348072052,0.4991633892059326,V2,42
2026-06-27T09:27:00.531827+00:00,204,204,9.0,0.0011178310960531235,0.0005702634225599468,0.03159107640385628,0.01,1.1205589771270752,0.10499998927116394,0.8227776288986206,0.49942296743392944,V2,42
2026-06-27T09:27:02.094633+00:00,205,205,12.0,0.003474077209830284,0.0005760643980465829,0.03156328946352005,0.01,1.1199769973754883,0.10499998182058334,0.8226673603057861,0.49968311190605164,V2,42
2026-06-27T09:27:03.632199+00:00,206,206,12.0,0.0010845297947525978,0.0005331846186891198,0.03151322156190872,0.01,1.1193981170654297,0.10499998927116394,0.8227823972702026,0.49994218349456787,V2,42
2026-06-27T09:27:05.131868+00:00,207,207,9.0,0.001757877878844738,0.000523227674420923,0.03147782385349274,0.01,1.1188181638717651,0.10499998927116394,0.8227522969245911,0.500201940536499,V2,42
2026-06-27T09:27:06.706914+00:00,208,208,13.0,0.004763285629451275,0.0005325619131326675,0.03145357966423035,0.01,1.1182371377944946,0.10499999672174454,0.822623074054718,0.5004622936248779,V2,42
2026-06-27T09:27:08.238835+00:00,209,209,8.0,0.002122322330251336,0.0004932617302983999,0.03140294924378395,0.01,1.1176578998565674,0.10500001162290573,0.8227401971817017,0.5007220506668091,V2,42
2026-06-27T09:27:09.742601+00:00,210,210,9.0,0.006581480614840984,0.0005065671866759658,0.03138516843318939,0.01,1.1170809268951416,0.10500000417232513,0.8225454092025757,0.5009810328483582,V2,42
2026-06-27T09:27:11.314363+00:00,211,211,10.0,0.002263719215989113,0.00046480883611366153,0.03132861852645874,0.01,1.1165006160736084,0.10499998182058334,0.8227364420890808,0.5012417435646057,V2,42
2026-06-27T09:27:12.830050+00:00,212,212,14.0,0.0014782205689698458,0.0004416572628542781,0.031287550926208496,0.01,1.115922451019287,0.10500001162290573,0.8227782249450684,0.5015016794204712,V2,42
2026-06-27T09:27:14.434744+00:00,213,213,11.0,0.0027258724439889193,0.00043948684469796717,0.031255949288606644,0.01,1.115344762802124,0.10499998182058334,0.8227231502532959,0.5017614364624023,V2,42
2026-06-27T09:27:16.085581+00:00,214,214,10.0,0.0027203471399843693,0.0004256675601936877,0.031218916177749634,0.01,1.1147668361663818,0.10499998182058334,0.8227250576019287,0.5020216703414917,V2,42
2026-06-27T09:27:17.699120+00:00,215,215,11.0,-0.000573617173358798,0.00037228420842438936,0.031166354194283485,0.01,1.114190697669983,0.10499999672174454,0.8229003548622131,0.5022813081741333,V2,42
2026-06-27T09:27:19.282673+00:00,216,216,10.0,0.003719690954312682,0.00040775720844976604,0.031150132417678833,0.01,1.1136139631271362,0.10499998182058334,0.822687029838562,0.5025413632392883,V2,42
2026-06-27T09:27:20.897534+00:00,217,217,11.0,0.0016825634520500898,0.00037667606375180185,0.03110441192984581,0.01,1.1130375862121582,0.10499998927116394,0.8227922916412354,0.5028015375137329,V2,42
2026-06-27T09:27:22.433407+00:00,218,218,10.0,0.00045668380334973335,0.00035004899837076664,0.031062405556440353,0.01,1.1124616861343384,0.10500000417232513,0.822857677936554,0.5030615925788879,V2,42
2026-06-27T09:27:24.092748+00:00,219,219,12.0,0.002156037138774991,0.00035715490230359137,0.031034046784043312,0.01,1.111885905265808,0.10499999672174454,0.8227589726448059,0.5033218264579773,V2,42
2026-06-27T09:27:25.644805+00:00,220,220,15.0,0.0024827609304338694,0.0003490745148155838,0.030999653041362762,0.01,1.111310601234436,0.10499999672174454,0.8227578401565552,0.5035821199417114,V2,42
2026-06-27T09:27:27.265733+00:00,221,221,10.0,0.00047415238805115223,0.00031672726618126035,0.030954839661717415,0.01,1.1107349395751953,0.10500000417232513,0.8228564858436584,0.5038426518440247,V2,42
2026-06-27T09:27:28.800611+00:00,222,222,14.0,0.002009088872000575,0.00032254509278573096,0.030926154926419258,0.01,1.1101632118225098,0.10499999672174454,0.8228115439414978,0.504101574420929,V2,42
2026-06-27T09:27:30.376605+00:00,223,223,10.0,0.0027080359868705273,0.00031894553103484213,0.030893802642822266,0.01,1.1095874309539795,0.10499998927116394,0.8227611184120178,0.5043626427650452,V2,42
2026-06-27T09:27:31.917225+00:00,224,224,11.0,0.0028553390875458717,0.00030815013451501727,0.030858328565955162,0.01,1.1090120077133179,0.10500000417232513,0.8227287530899048,0.5046237707138062,V2,42
2026-06-27T09:27:33.446176+00:00,225,225,10.0,0.0010071250144392252,0.0002820268564391881,0.03081563487648964,0.01,1.1084396839141846,0.10499999672174454,0.8228650689125061,0.5048835873603821,V2,42
2026-06-27T09:27:35.015696+00:00,226,226,8.0,0.0024064360186457634,0.0002873083285521716,0.03078700788319111,0.01,1.1078670024871826,0.10499998182058334,0.8227950930595398,0.5051438212394714,V2,42
2026-06-27T09:27:36.653923+00:00,227,227,9.0,0.002160646952688694,0.0002764199743978679,0.0307511817663908,0.01,1.1072938442230225,0.10499998927116394,0.822799026966095,0.5054044723510742,V2,42
2026-06-27T09:27:38.220827+00:00,228,228,12.0,0.0017425182741135359,0.00026369254919700325,0.03071468137204647,0.01,1.106722354888916,0.10499998927116394,0.8228108882904053,0.5056644678115845,V2,42
2026-06-27T09:27:39.811811+00:00,229,229,11.0,0.002414965070784092,0.00026106403674930334,0.030682748183608055,0.01,1.1061484813690186,0.10499998182058334,0.8227866888046265,0.5059257745742798,V2,42
2026-06-27T09:27:41.395201+00:00,230,230,10.0,0.0007387117948383093,0.00023797999892849475,0.03064163587987423,0.01,1.1055759191513062,0.10500001162290573,0.8228692412376404,0.5061867237091064,V2,42
2026-06-27T09:27:43.008259+00:00,231,231,9.0,0.005017389543354511,0.00026051184977404773,0.0306243933737278,0.01,1.105006456375122,0.10499998927116394,0.8226479291915894,0.5064464807510376,V2,42
2026-06-27T09:27:44.515642+00:00,232,232,11.0,0.003255638759583235,0.00024082974414341152,0.030582193285226822,0.01,1.1044344902038574,0.10499999672174454,0.8227112889289856,0.5067074298858643,V2,42
2026-06-27T09:27:46.092415+00:00,233,233,10.0,0.0019324971362948418,0.0002255500148748979,0.030543629080057144,0.01,1.1038646697998047,0.10500001162290573,0.822843074798584,0.5069677829742432,V2,42
2026-06-27T09:27:47.808191+00:00,234,234,9.0,0.0030795419588685036,0.0002266698720632121,0.03051399253308773,0.01,1.1032936573028564,0.10499999672174454,0.822748601436615,0.5072288513183594,V2,42
2026-06-27T09:27:50.036251+00:00,235,235,9.0,0.003295077010989189,0.0002192684478359297,0.03048030100762844,0.01,1.1027231216430664,0.10499998927116394,0.8227021098136902,0.507489800453186,V2,42
2026-06-27T09:27:52.450352+00:00,236,236,10.0,0.002302799141034484,0.00020869361469522119,0.030443765223026276,0.01,1.1021533012390137,0.10500000417232513,0.8228044509887695,0.5077505707740784,V2,42
2026-06-27T09:27:55.204960+00:00,237,237,8.0,0.003040346782654524,0.00020585415768437088,0.03041248209774494,0.01,1.1015851497650146,0.10500000417232513,0.822739839553833,0.5080109238624573,V2,42
2026-06-27T09:27:57.827186+00:00,238,238,10.0,0.00140465353615582,0.00018928005010820925,0.03037331812083721,0.01,1.101013422012329,0.10499998927116394,0.8228350877761841,0.5082730054855347,V2,42
2026-06-27T09:28:00.177372+00:00,239,239,14.0,-0.0004647893365472555,0.00016490381676703691,0.030332989990711212,0.01,1.1004453897476196,0.10500000417232513,0.8229721784591675,0.5085336565971375,V2,42
2026-06-27T09:28:02.649211+00:00,240,240,11.0,0.002871537348255515,0.00018668145639821887,0.030311502516269684,0.01,1.099876880645752,0.10499999672174454,0.8227519989013672,0.5087946653366089,V2,42
2026-06-27T09:28:05.082746+00:00,241,241,15.0,0.0009833169169723988,0.0001672570942901075,0.030271530151367188,0.01,1.0993084907531738,0.10500001162290573,0.8228693008422852,0.5090558528900146,V2,42
2026-06-27T09:28:07.751975+00:00,242,242,14.0,0.0036104698665440083,0.00017811958969105035,0.03024730086326599,0.01,1.098741054534912,0.10499997437000275,0.8226951360702515,0.5093167424201965,V2,42
2026-06-27T09:28:10.067366+00:00,243,243,10.0,0.0012686271220445633,0.00015913347306195647,0.03020658902823925,0.01,1.0981749296188354,0.10499999672174454,0.8228760957717896,0.5095772743225098,V2,42
2026-06-27T09:28:12.437684+00:00,244,244,11.0,0.0015578456223011017,0.00015684455865994096,0.030174842104315758,0.01,1.0976072549819946,0.10500000417232513,0.8228681683540344,0.5098386406898499,V2,42
2026-06-27T09:28:14.772944+00:00,245,245,12.0,0.0022493633441627026,0.00015590089606121182,0.030144231393933296,0.01,1.0970426797866821,0.10499998927116394,0.8227906227111816,0.5100987553596497,V2,42
2026-06-27T09:28:17.163352+00:00,246,246,10.0,0.00204867054708302,0.00015029619680717587,0.030110809952020645,0.01,1.096473217010498,0.10499997437000275,0.8228135704994202,0.5103614330291748,V2,42
2026-06-27T09:28:19.547718+00:00,247,247,11.0,0.002670062007382512,0.00014897641085553914,0.030080096796154976,0.01,1.0959075689315796,0.10500001162290573,0.8227695226669312,0.5106224417686462,V2,42
2026-06-27T09:28:22.023949+00:00,248,248,12.0,0.0023191662039607763,0.00014250038657337427,0.03004637360572815,0.01,1.0953415632247925,0.10499998927116394,0.8227938413619995,0.5108838081359863,V2,42
2026-06-27T09:28:24.227849+00:00,249,249,13.0,0.0030166369397193193,0.00014187616761773825,0.030016141012310982,0.01,1.0947757959365845,0.10499997437000275,0.8227424025535583,0.5111452341079712,V2,42
2026-06-27T09:28:26.837825+00:00,250,250,10.0,0.0031958206091076136,0.0001375429710606113,0.02998397871851921,0.01,1.0942107439041138,0.10499998927116394,0.8227220773696899,0.5114066004753113,V2,42
2026-06-27T09:28:29.048869+00:00,251,251,12.0,0.0036771155428141356,0.00013592414325103164,0.029953422024846077,0.01,1.0936466455459595,0.10499999672174454,0.8227056860923767,0.5116676092147827,V2,42
2026-06-27T09:28:31.615918+00:00,252,252,10.0,0.0024476468097418547,0.00012660984066314995,0.029917312785983086,0.01,1.0930818319320679,0.10500003397464752,0.8227774500846863,0.5119292140007019,V2,42
2026-06-27T09:28:34.419376+00:00,253,253,10.0,0.0017814619932323694,0.00011937806993955746,0.029883207753300667,0.01,1.092517614364624,0.10499998927116394,0.8228442668914795,0.5121908187866211,V2,42
2026-06-27T09:28:37.047605+00:00,254,254,11.0,0.001315468456596136,0.00011229998926864937,0.029849516227841377,0.01,1.0919533967971802,0.10499998182058334,0.8228563070297241,0.5124524235725403,V2,42
2026-06-27T09:28:39.368398+00:00,255,255,9.0,0.002024455927312374,0.00011328854452585801,0.029819834977388382,0.01,1.091391682624817,0.10499998927116394,0.8228113055229187,0.5127130746841431,V2,42
2026-06-27T09:28:41.979247+00:00,256,256,9.0,0.002079692203551531,0.0001103878821595572,0.029788099229335785,0.01,1.0908275842666626,0.10499998927116394,0.8228318095207214,0.5129751563072205,V2,42
2026-06-27T09:28:44.751383+00:00,257,257,8.0,0.0023397067561745644,0.00010734640090959147,0.029756607487797737,0.01,1.0902643203735352,0.10499998927116394,0.8227776288986206,0.5132369995117188,V2,42
2026-06-27T09:28:47.273133+00:00,258,258,11.0,0.0018297908827662468,0.00010208097228314728,0.029723534360527992,0.01,1.089701533317566,0.10499998927116394,0.8228297829627991,0.5134986639022827,V2,42
2026-06-27T09:28:49.745743+00:00,259,259,9.0,0.002038602251559496,9.985072392737493e-05,0.02969234064221382,0.01,1.089139461517334,0.10500000417232513,0.8228158354759216,0.5137603282928467,V2,42
2026-06-27T09:28:52.152502+00:00,260,260,12.0,0.0011282796040177345,9.157910972135141e-05,0.02965809591114521,0.01,1.0885781049728394,0.10500001162290573,0.8228914737701416,0.5140218734741211,V2,42
2026-06-27T09:28:54.680822+00:00,261,261,13.0,0.001459724036976695,9.091899119084701e-05,0.02962753362953663,0.01,1.0880165100097656,0.10500001162290573,0.8228763341903687,0.5142835974693298,V2,42
2026-06-27T09:28:57.240958+00:00,262,262,10.0,0.0020398024935275316,9.07975627342239e-05,0.029597532004117966,0.01,1.0874558687210083,0.10500000417232513,0.8228123784065247,0.5145450830459595,V2,42
2026-06-27T09:28:59.661726+00:00,263,263,11.0,0.0017098844982683659,8.621880988357589e-05,0.029565079137682915,0.01,1.0868945121765137,0.10499998927116394,0.8228365182876587,0.5148071646690369,V2,42
2026-06-27T09:29:02.494144+00:00,264,264,8.0,0.001015923684462905,8.004392293514684e-05,0.029531914740800858,0.01,1.0863336324691772,0.10499998927116394,0.8229235410690308,0.5150691270828247,V2,42
2026-06-27T09:29:05.290454+00:00,265,265,10.0,0.0008962496649473906,7.668401667615399e-05,0.029500244185328484,0.01,1.085773229598999,0.10500000417232513,0.8229324221611023,0.5153310298919678,V2,42
2026-06-27T09:29:07.661008+00:00,266,266,9.0,0.002282695146277547,8.143661398207769e-05,0.029472721740603447,0.01,1.0852136611938477,0.10499998927116394,0.8228015303611755,0.5155928134918213,V2,42
2026-06-27T09:29:09.944920+00:00,267,267,10.0,0.0012007744517177343,7.367289799731225e-05,0.029438603669404984,0.01,1.0846538543701172,0.10499997437000275,0.8228922486305237,0.5158548951148987,V2,42
2026-06-27T09:29:12.335794+00:00,268,268,9.0,0.001962412381544709,7.542537059634924e-05,0.02940959483385086,0.01,1.0840954780578613,0.10500003397464752,0.8228595852851868,0.5161164402961731,V2,42
2026-06-27T09:29:15.005035+00:00,269,269,12.0,0.0006829081103205681,6.613939331145957e-05,0.029375076293945312,0.01,1.08353590965271,0.10499997437000275,0.8229588270187378,0.5163787603378296,V2,42
2026-06-27T09:29:17.419943+00:00,270,270,11.0,0.0015967015642672777,6.921589374542236e-05,0.029346482828259468,0.01,1.082977533340454,0.10499998182058334,0.8228718638420105,0.5166406631469727,V2,42
2026-06-27T09:29:19.796594+00:00,271,271,8.0,0.0021524345502257347,6.928617949597538e-05,0.02931683324277401,0.01,1.0824192762374878,0.10499999672174454,0.8228146433830261,0.51690274477005,V2,42
2026-06-27T09:29:22.138561+00:00,272,272,16.0,0.0021854452788829803,6.757317896699533e-05,0.029286127537488937,0.01,1.081862211227417,0.10500001907348633,0.8228286504745483,0.5171643495559692,V2,42
2026-06-27T09:29:24.520843+00:00,273,273,13.0,0.0009525239001959562,5.94748962612357e-05,0.029252005741000175,0.01,1.081303358078003,0.10499997437000275,0.8229671716690063,0.5174270868301392,V2,42
2026-06-27T09:29:26.724864+00:00,274,274,10.0,0.0019134168978780508,6.246446719160303e-05,0.02922370843589306,0.01,1.0807466506958008,0.10499998927116394,0.822839617729187,0.5176889300346375,V2,42
2026-06-27T09:29:28.961255+00:00,275,275,10.0,0.0012994413264095783,5.774351302534342e-05,0.02919135056436062,0.01,1.080188274383545,0.10499999672174454,0.8228862285614014,0.5179517269134521,V2,42
2026-06-27T09:29:31.266775+00:00,276,276,10.0,0.0014713604468852282,5.69932562939357e-05,0.02916118875145912,0.01,1.07963228225708,0.10499998182058334,0.8228856921195984,0.5182136297225952,V2,42
2026-06-27T09:29:33.761846+00:00,277,277,10.0,0.0005339463241398335,5.030594547861256e-05,0.029128240421414375,0.01,1.0790750980377197,0.10499998182058334,0.8229817152023315,0.5184762477874756,V2,42
2026-06-27T09:29:36.299590+00:00,278,278,12.0,0.001681328285485506,5.414608313003555e-05,0.029100317507982254,0.01,1.078519582748413,0.10499999672174454,0.8228458762168884,0.518738329410553,V2,42
2026-06-27T09:29:38.847380+00:00,279,279,13.0,0.0011011110618710518,5.0120201194658875e-05,0.0290684811770916,0.01,1.0779634714126587,0.10500000417232513,0.822925329208374,0.5190007090568542,V2,42
2026-06-27T09:29:42.364405+00:00,280,280,12.0,0.0015576998703181744,5.0646918680286035e-05,0.029039084911346436,0.01,1.0774084329605103,0.10500000417232513,0.8229086995124817,0.5192628502845764,V2,42
2026-06-27T09:29:45.259175+00:00,281,281,15.0,0.001720620784908533,4.962645107298158e-05,0.02900899015367031,0.01,1.0768537521362305,0.10500001162290573,0.8228549957275391,0.5195250511169434,V2,42
2026-06-27T09:29:48.383778+00:00,282,282,9.0,0.001505967928096652,4.73308828077279e-05,0.028978101909160614,0.01,1.0762985944747925,0.10499998927116394,0.8228911757469177,0.5197876691818237,V2,42
2026-06-27T09:29:51.117634+00:00,283,283,9.0,0.0021994251292198896,4.785568671650253e-05,0.02894912101328373,0.01,1.0757437944412231,0.10499998182058334,0.8227859139442444,0.5200501680374146,V2,42
2026-06-27T09:29:54.361095+00:00,284,284,10.0,0.0012033565435558558,4.313716999604367e-05,0.028916701674461365,0.01,1.0751887559890747,0.10499998182058334,0.8228959441184998,0.520313024520874,V2,42
2026-06-27T09:29:57.287905+00:00,285,285,11.0,0.0016679619438946247,4.3749252654379234e-05,0.02888752520084381,0.01,1.0746352672576904,0.10499999672174454,0.8228659629821777,0.5205753445625305,V2,42
2026-06-27T09:30:00.322784+00:00,286,286,10.0,0.0015335727948695421,4.2001454858109355e-05,0.028857048600912094,0.01,1.074081540107727,0.10500001907348633,0.8228747844696045,0.5208379626274109,V2,42
2026-06-27T09:30:03.227100+00:00,287,287,9.0,0.0020912284962832928,4.262236689100973e-05,0.028828123584389687,0.01,1.07352876663208,0.10499999672174454,0.8228172063827515,0.5211002826690674,V2,42
2026-06-27T09:30:06.774767+00:00,288,288,10.0,0.001356972148641944,3.893029861501418e-05,0.028796451166272163,0.01,1.0729756355285645,0.10500001907348633,0.8229113817214966,0.5213630199432373,V2,42
2026-06-27T09:30:09.858322+00:00,289,289,13.0,0.002055167453363538,3.99312557419762e-05,0.02876778319478035,0.01,1.0724226236343384,0.10500004142522812,0.8228058815002441,0.5216257572174072,V2,42
2026-06-27T09:30:12.427328+00:00,290,290,10.0,0.0005832246970385313,3.325234501971863e-05,0.028734736144542694,0.01,1.071869969367981,0.10499996691942215,0.823020339012146,0.5218885540962219,V2,42
2026-06-27T09:30:14.992722+00:00,291,291,11.0,0.0011580449063330889,3.4808163036359474e-05,0.028706012293696404,0.01,1.0713183879852295,0.10499998927116394,0.8229226469993591,0.522150993347168,V2,42
2026-06-27T09:30:17.901939+00:00,292,292,11.0,0.0018138880841434002,3.583110810723156e-05,0.028677308931946754,0.01,1.0707659721374512,0.10500000417232513,0.8228307962417603,0.5224140882492065,V2,42
2026-06-27T09:30:20.886046+00:00,293,293,9.0,0.0011299292091280222,3.263037433498539e-05,0.028646135702729225,0.01,1.070214867591858,0.10500000417232513,0.8229445815086365,0.5226765871047974,V2,42
2026-06-27T09:30:23.935521+00:00,294,294,11.0,0.0013710453640669584,3.2268708309857175e-05,0.02861667610704899,0.01,1.0696635246276855,0.10499998927116394,0.8228765726089478,0.5229394435882568,V2,42
2026-06-27T09:30:26.477635+00:00,295,295,9.0,0.0011928840540349483,3.089982419623993e-05,0.02858659438788891,0.01,1.0691123008728027,0.10500001162290573,0.8229257464408875,0.5232024192810059,V2,42
2026-06-27T09:30:29.674293+00:00,296,296,10.0,0.0008205587510019541,2.8556556571857072e-05,0.028556138277053833,0.01,1.0685619115829468,0.10500000417232513,0.82297682762146,0.5234652161598206,V2,42
2026-06-27T09:30:32.768254+00:00,297,297,8.0,0.0004987844731658697,2.6213881938019767e-05,0.028525741770863533,0.01,1.0680110454559326,0.10499997437000275,0.8230140209197998,0.5237284302711487,V2,42
2026-06-27T09:30:35.131402+00:00,298,298,8.0,0.0008350512944161892,2.6861229343921877e-05,0.02849673666059971,0.01,1.0674607753753662,0.10500000417232513,0.8229786157608032,0.5239913463592529,V2,42
2026-06-27T09:30:37.679137+00:00,299,299,9.0,0.001284727593883872,2.7573416446102783e-05,0.028467930853366852,0.01,1.0669114589691162,0.10500000417232513,0.8229018449783325,0.5242542624473572,V2,42
2026-06-27T09:30:40.570401+00:00,300,300,13.0,0.0009227723348885775,2.553001104388386e-05,0.02843770571053028,0.01,1.0663623809814453,0.10499998182058334,0.8229726552963257,0.5245169997215271,V2,42
